country,year,pm25,iso3,yll_asmr,diff,ln_pm25,ln_yll
Afghanistan,2019.0,119.77,AFG,6.19,0.0,4.785573236959415,1.8229350866965048
Albania,2019.0,21.48,ALB,4.99,3.0,3.067122269640664,1.6074359097634274
Albania,2019.0,10.32,ALB,4.99,0.0,2.334083760053417,1.6074359097634274
Algeria,2019.0,21.53,DZA,0.89,0.0,3.0694473113762717,-0.11653381625595151
Australia,2010.0,15.186666666666667,AUS,0.17,0.0,2.7204178499108718,-1.7719568419318752
Australia,2010.0,12.591666666666667,AUS,0.17,1.0,2.5330352194906935,-1.7719568419318752
Australia,2010.0,14.45,AUS,0.17,2.0,2.670694414558441,-1.7719568419318752
Australia,2010.0,9.940000000000001,AUS,0.17,3.0,2.296567020668483,-1.7719568419318752
Australia,2019.0,6.845238095238095,AUS,0.81,3.0,1.9235532419540369,-0.21072103131565253
Australia,2019.0,7.28,AUS,0.81,2.0,1.9851308622085946,-0.21072103131565253
Australia,2019.0,8.06,AUS,0.81,1.0,2.086913556518537,-0.21072103131565253
Australia,2019.0,7.455,AUS,0.81,0.0,2.0088849482167017,-0.21072103131565253
Austria,2010.0,18.35727272727273,AUT,0.1,0.0,2.910025829892361,-2.3025850929940455
Austria,2010.0,15.902173913043478,AUT,0.1,3.0,2.766455823971084,-2.3025850929940455
Austria,2019.0,12.143714285714287,AUT,0.4,3.0,2.496811693179065,-0.916290731874155
Austria,2019.0,12.575135135135136,AUT,0.4,2.0,2.5317214622608755,-0.916290731874155
Austria,2019.0,13.563055555555556,AUT,0.4,1.0,2.607349593083341,-0.916290731874155
Austria,2019.0,11.086857142857143,AUT,0.4,0.0,2.405760365603669,-0.916290731874155
Bahamas,2019.0,5.23,BHS,3.12,1.0,1.6544112780768316,1.1378330018213911
Bahamas,2019.0,4.06,BHS,3.12,0.0,1.4011829736136412,1.1378330018213911
Bahamas,2020.0,3.2,BHS,20.39,0.0,1.1631508098056809,3.015044584586364
Bahrain,2010.0,57.8975,BHR,0.81,2.0,4.058674205753839,-0.21072103131565253
Bahrain,2019.0,60.75,BHR,0.58,3.0,4.1067670822206574,-0.5447271754416722
Bahrain,2019.0,62.64,BHR,0.58,2.0,4.137404051682548,-0.5447271754416722
Bahrain,2019.0,43.38999999999999,BHR,0.58,0.0,3.7702289998102594,-0.5447271754416722
Bangladesh,2010.0,92.65,BGD,0.71,0.0,4.528828952731369,-0.342490308946776
Bangladesh,2010.0,101.475,BGD,0.71,1.0,4.619812462724961,-0.342490308946776
Bangladesh,2010.0,100.975,BGD,0.71,2.0,4.614872961449477,-0.342490308946776
Bangladesh,2010.0,76.2475,BGD,0.71,3.0,4.333984628064774,-0.342490308946776
Bangladesh,2019.0,67.465,BGD,0.52,3.0,4.211608944882751,-0.6539264674066639
Bangladesh,2019.0,50.25111111111111,BGD,0.52,2.0,3.9170326583586283,-0.6539264674066639
Bangladesh,2019.0,72.29375,BGD,0.52,1.0,4.280737680061574,-0.6539264674066639
Bangladesh,2019.0,86.48,BGD,0.52,0.0,4.4599131733309525,-0.6539264674066639
Belgium,2010.0,16.721818181818183,BEL,0.08,0.0,2.816714344676181,-2.5257286443082556
Belgium,2010.0,14.81,BEL,0.08,3.0,2.6953026282797072,-2.5257286443082556
Belgium,2019.0,12.4475,BEL,0.26,3.0,2.5215197995342007,-1.3470736479666092
Belgium,2019.0,12.10891304347826,BEL,0.26,2.0,2.4939417965983943,-1.3470736479666092
Belgium,2019.0,12.55177777777778,BEL,0.26,1.0,2.529862311145409,-1.3470736479666092
Belgium,2019.0,10.925531914893616,BEL,0.26,0.0,2.3911024276585544,-1.3470736479666092
Bosnia and Herzegovina,2010.0,64.77,BIH,0.27,0.0,4.170842533194826,-1.3093333199837622
Bosnia and Herzegovina,2019.0,43.20333333333334,BIH,0.39,3.0,3.765917652767174,-0.941608539858445
Bosnia and Herzegovina,2019.0,48.9875,BIH,0.39,2.0,3.8915651635257498,-0.941608539858445
Bosnia and Herzegovina,2019.0,49.825,BIH,0.39,1.0,3.9085168660988585,-0.941608539858445
Bosnia and Herzegovina,2019.0,38.95666666666667,BIH,0.39,0.0,3.6624499172769562,-0.941608539858445
Brazil,2010.0,16.776666666666667,BRA,1.4,0.0,2.819989032120159,0.3364722366212129
Brazil,2010.0,15.646,BRA,1.4,1.0,2.750215293262889,0.3364722366212129
Brazil,2010.0,15.307999999999998,BRA,1.4,2.0,2.7283755675634556,0.3364722366212129
Brazil,2010.0,14.16,BRA,1.4,3.0,2.6504210882655737,0.3364722366212129
Brazil,2019.0,15.6,BRA,1.48,3.0,2.747270914255491,0.3920420877760237
Brazil,2019.0,15.223333333333333,BRA,1.48,1.0,2.722829338528798,0.3920420877760237
Brazil,2019.0,15.43,BRA,1.48,0.0,2.7363136663750693,0.3920420877760237
Bulgaria,2010.0,23.8475,BGR,0.73,0.0,3.171679390037226,-0.31471074483970024
Bulgaria,2010.0,19.955714285714286,BGR,0.73,3.0,2.993515532684146,-0.31471074483970024
Bulgaria,2019.0,19.228,BGR,2.26,3.0,2.956367550031714,0.8153648132841944
Bulgaria,2019.0,19.565714285714286,BGR,2.26,2.0,2.9737787633381187,0.8153648132841944
Bulgaria,2019.0,19.584285714285716,BGR,2.26,1.0,2.9747274953924956,0.8153648132841944
Bulgaria,2019.0,16.538571428571426,BGR,2.26,0.0,2.805695315162324,0.8153648132841944
Cameroon,2010.0,82.66666666666667,CMR,5.54,2.0,4.4148164574968725,1.7119945007591924
Canada,2010.0,6.885225225225225,CAN,0.07,3.0,1.9293778440965907,-2.659260036932778
Canada,2019.0,5.857341772151899,CAN,0.3,3.0,1.767695878171434,-1.2039728043259361
Canada,2019.0,6.78319018404908,CAN,0.3,2.0,1.9144475199092332,-1.2039728043259361
Canada,2019.0,7.503928571428572,CAN,0.3,1.0,2.015426692925754,-1.2039728043259361
Canada,2019.0,5.92125,CAN,0.3,0.0,1.7785475752558244,-1.2039728043259361
Chile,2010.0,25.83818181818182,CHL,0.15,0.0,3.251853313365345,-1.8971199848858813
Chile,2010.0,26.223636363636363,CHL,0.15,1.0,3.2666611553569935,-1.8971199848858813
Chile,2010.0,25.12090909090909,CHL,0.15,2.0,3.223700530869883,-1.8971199848858813
Chile,2010.0,30.403684210526315,CHL,0.15,3.0,3.4145637922048575,-1.8971199848858813
Chile,2019.0,25.910810810810812,CHL,0.36,3.0,3.2546602874387265,-1.0216512475319814
Chile,2019.0,15.0,CHL,0.36,1.0,2.70805020110221,-1.0216512475319814
Chile,2019.0,19.02972972972973,CHL,0.36,0.0,2.946002478880863,-1.0216512475319814
China,2010.0,75.53666666666668,CHN,14.68,1.0,4.3246181895787235,2.6864860231863696
China,2010.0,56.602,CHN,14.68,2.0,4.036044320273892,2.6864860231863696
China,2010.0,75.35,CHN,14.68,3.0,4.3221439250725044,2.6864860231863696
China,2019.0,45.62125454545454,CHN,9.46,3.0,3.8203737163784894,2.247072383063787
China,2019.0,44.61554054054054,CHN,9.46,2.0,3.798082240947006,2.247072383063787
China,2019.0,40.40886066204773,CHN,9.46,1.0,3.6990490842372745,2.247072383063787
China,2019.0,38.508755144032925,CHN,9.46,0.0,3.650885621779354,2.247072383063787
Colombia,2010.0,32.33,COL,0.4,0.0,3.4759955917373415,-0.916290731874155
Colombia,2010.0,22.5,COL,0.4,1.0,3.1135153092103742,-0.916290731874155
Colombia,2010.0,24.833333333333332,COL,0.4,2.0,3.2121868367174042,-0.916290731874155
Colombia,2010.0,22.35,COL,0.4,3.0,3.106826321059578,-0.916290731874155
Colombia,2019.0,16.655,COL,4.94,3.0,2.812710471645643,1.5973653311998313
Colombia,2019.0,15.21,COL,4.94,2.0,2.7219531062712017,1.5973653311998313
Colombia,2019.0,17.228,COL,4.94,1.0,2.846535967191864,1.5973653311998313
Colombia,2019.0,17.309,COL,4.94,0.0,2.8512265974442617,1.5973653311998313
Costa Rica,2010.0,18.0,CRI,0.15,3.0,2.8903717578961645,-1.8971199848858813
Costa Rica,2019.0,22.5,CRI,2.07,1.0,3.1135153092103742,0.7275486072772777
Costa Rica,2019.0,7.4,CRI,2.07,0.0,2.0014800002101243,0.7275486072772777
Croatia,2010.0,23.005,HRV,0.26,3.0,3.135711583607432,-1.3470736479666092
Croatia,2019.0,17.274444444444445,HRV,0.56,3.0,2.84922820962543,-0.579818495252942
Croatia,2019.0,15.549000000000001,HRV,0.56,2.0,2.743996327875679,-0.579818495252942
Croatia,2019.0,15.6775,HRV,0.56,1.0,2.752226563435039,-0.579818495252942
Croatia,2019.0,13.715,HRV,0.56,0.0,2.6184901243895666,-0.579818495252942
Cyprus,2010.0,20.048,CYP,0.45,0.0,2.9981293981537123,-0.7985076962177716
Cyprus,2010.0,15.957999999999998,CYP,0.45,3.0,2.7699602708860893,-0.7985076962177716
Cyprus,2019.0,11.506666666666668,CYP,0.57,3.0,2.4429265775471176,-0.5621189181535413
Cyprus,2019.0,13.724,CYP,0.57,2.0,2.6191461249962034,-0.5621189181535413
Cyprus,2019.0,12.941999999999998,CYP,0.57,1.0,2.5604778366350742,-0.5621189181535413
Cyprus,2019.0,13.025,CYP,0.57,0.0,2.5668705876394307,-0.5621189181535413
Czechia,2010.0,23.613333333333337,CZE,0.53,0.0,3.1618115242465232,-0.6348782724359695
Czechia,2010.0,20.158125000000002,CZE,0.53,3.0,3.0036074329254654,-0.6348782724359695
Czechia,2019.0,18.464313725490197,CZE,2.47,3.0,2.9158398813798994,0.9042181506398859
Czechia,2019.0,18.747692307692308,CZE,2.47,2.0,2.931070667918757,0.9042181506398859
Czechia,2019.0,20.40686274509804,CZE,2.47,1.0,3.0158712533507592,0.9042181506398859
Czechia,2019.0,15.284736842105264,CZE,2.47,0.0,2.7268547384530284,0.9042181506398859
Denmark,2010.0,15.086666666666666,DNK,0.3,0.0,2.7138113515372817,-1.2039728043259361
Denmark,2010.0,11.0625,DNK,0.3,3.0,2.403561010334048,-1.2039728043259361
Denmark,2019.0,10.29,DNK,0.94,3.0,2.331172549845958,-0.06187540371808753
Denmark,2019.0,9.406,DNK,0.94,2.0,2.241347783522856,-0.06187540371808753
Denmark,2019.0,12.222,DNK,0.94,1.0,2.5032376064727235,-0.06187540371808753
Denmark,2019.0,10.242,DNK,0.94,0.0,2.3264969130403585,-0.06187540371808753
Ecuador,2010.0,19.27,ECU,0.47,0.0,2.958549482426275,-0.7550225842780328
Ecuador,2010.0,17.82,ECU,0.47,1.0,2.8803214220426634,-0.7550225842780328
Ecuador,2010.0,18.43,ECU,0.47,2.0,2.9139797716817317,-0.7550225842780328
Ecuador,2010.0,18.45,ECU,0.47,3.0,2.915064370486536,-0.7550225842780328
Ecuador,2019.0,14.07,ECU,1.86,3.0,2.644044871126298,0.62057648772511
Ecuador,2019.0,14.015,ECU,1.86,2.0,2.6401281846167515,0.62057648772511
Ecuador,2019.0,19.84,ECU,1.86,1.0,2.987700101856727,0.62057648772511
El Salvador,2010.0,29.75,SLV,0.17,0.0,3.392829131991639,-1.7719568419318752
El Salvador,2010.0,33.3,SLV,0.17,1.0,3.505557396986398,-1.7719568419318752
El Salvador,2010.0,44.6,SLV,0.17,2.0,3.7977338590260183,-1.7719568419318752
El Salvador,2010.0,43.9,SLV,0.17,3.0,3.7819143200811256,-1.7719568419318752
El Salvador,2019.0,27.1,SLV,0.25,3.0,3.299533727885655,-1.3862943611198906
El Salvador,2019.0,29.0,SLV,0.25,1.0,3.367295829986474,-1.3862943611198906
Estonia,2010.0,7.726666666666667,EST,0.59,0.0,2.044677549243496,-0.527632742082372
Estonia,2010.0,6.645714285714286,EST,0.59,3.0,1.8939721785951504,-0.527632742082372
Estonia,2019.0,5.204285714285715,EST,0.45,3.0,1.6494824619651591,-0.7985076962177716
Estonia,2019.0,4.55,EST,0.45,2.0,1.5151272329628591,-0.7985076962177716
Estonia,2019.0,6.095714285714286,EST,0.45,1.0,1.8075859481445953,-0.7985076962177716
Estonia,2019.0,4.5975,EST,0.45,0.0,1.5255126774963392,-0.7985076962177716
Ethiopia,2019.0,28.3,ETH,5.72,3.0,3.342861804649192,1.7439688053917064
Ethiopia,2019.0,27.24,ETH,5.72,2.0,3.3046864812813115,1.7439688053917064
Ethiopia,2019.0,28.79,ETH,5.72,1.0,3.3600281046240843,1.7439688053917064
Ethiopia,2019.0,20.48,ETH,5.72,0.0,3.019448800171307,1.7439688053917064
Finland,2010.0,8.529166666666667,FIN,0.19,0.0,2.143491662319298,-1.6607312068216509
Finland,2010.0,6.407692307692307,FIN,0.19,3.0,1.8574991917112602,-1.6607312068216509
Finland,2019.0,5.727142857142858,FIN,0.66,3.0,1.7452167775991023,-0.4155154439616658
Finland,2019.0,4.5128571428571425,FIN,0.66,2.0,1.5069304657586804,-0.4155154439616658
Finland,2019.0,6.016923076923077,FIN,0.66,1.0,1.7945760118658314,-0.4155154439616658
Finland,2019.0,5.308333333333334,FIN,0.66,0.0,1.6692779127901174,-0.4155154439616658
France,2010.0,17.74651515151515,FRA,0.04,0.0,2.876189167154163,-3.2188758248682006
France,2019.0,11.573565217391305,FRA,0.13,3.0,2.4487236369882375,-2.0402208285265546
France,2019.0,10.9672,FRA,0.13,2.0,2.3949090001395534,-2.0402208285265546
France,2019.0,10.373615384615384,FRA,0.13,1.0,2.3392656003060557,-2.0402208285265546
France,2019.0,9.418161764705882,FRA,0.13,0.0,2.242639927794675,-2.0402208285265546
Georgia,2019.0,20.0,GEO,2.56,2.0,2.995732273553991,0.9400072584914712
Germany,2010.0,17.34602409638554,DEU,0.07,0.0,2.853363321422232,-2.659260036932778
Germany,2010.0,14.110733944954127,DEU,0.07,3.0,2.6469357804548266,-2.659260036932778
Germany,2019.0,12.198529411764707,DEU,0.28,3.0,2.5013154044543926,-1.2729656758128873
Germany,2019.0,12.078344827586207,DEU,0.28,2.0,2.491414165534979,-1.2729656758128873
Germany,2019.0,12.579533333333334,DEU,0.28,1.0,2.532071154664775,-1.2729656758128873
Germany,2019.0,10.363333333333333,DEU,0.28,0.0,2.338273935402553,-1.2729656758128873
Ghana,2019.0,55.0,GHA,3.04,3.0,4.007333185232471,1.1118575154181303
Greece,2010.0,14.86,GRC,0.07,0.0,2.698673039289613,-2.659260036932778
Greece,2010.0,10.02,GRC,0.07,3.0,2.3045830956567186,-2.659260036932778
Greece,2019.0,17.05142857142857,GRC,0.21,3.0,2.836233987400137,-1.5606477482646683
Greece,2019.0,16.45875,GRC,0.21,2.0,2.8008572506884164,-1.5606477482646683
Greece,2019.0,16.599999999999998,GRC,0.21,1.0,2.8094026953624973,-1.5606477482646683
Greece,2019.0,16.838,GRC,0.21,0.0,2.8236382369154724,-1.5606477482646683
Guatemala,2010.0,40.88,GTM,0.38,3.0,3.7106409458954492,-0.9675840262617056
Guatemala,2019.0,14.0,GTM,4.31,0.0,2.6390573296152584,1.4609379041156563
Honduras,2010.0,36.0,HND,2.12,3.0,3.58351893845611,0.7514160886839212
Hungary,2010.0,21.6425,HUN,0.8,0.0,3.0746589741077917,-0.2231435513142097
Hungary,2010.0,17.023333333333333,HUN,0.8,3.0,2.834584951991443,-0.2231435513142097
Hungary,2019.0,10.13,HUN,3.57,3.0,2.315501318260592,1.2725655957915476
Hungary,2019.0,14.85,HUN,3.57,2.0,2.6979998652487085,1.2725655957915476
Hungary,2019.0,18.578333333333333,HUN,3.57,1.0,2.9219960271734773,1.2725655957915476
Hungary,2019.0,14.804285714285713,HUN,3.57,0.0,2.694916714140813,1.2725655957915476
Iceland,2010.0,7.735,ISL,0.07,0.0,2.0457554840250296,-2.659260036932778
Iceland,2019.0,6.695,ISL,0.27,3.0,1.9013609791431358,-1.3093333199837622
Iceland,2019.0,5.2,ISL,0.27,2.0,1.6486586255873816,-1.3093333199837622
Iceland,2019.0,4.333333333333333,ISL,0.27,1.0,1.466337068793427,-1.3093333199837622
Iceland,2019.0,3.9879999999999995,ISL,0.27,0.0,1.3832898520995918,-1.3093333199837622
India,2019.0,39.38616438356164,IND,0.52,3.0,3.6734145968559346,-0.6539264674066639
India,2019.0,39.31032258064516,IND,0.52,2.0,3.671487145470951,-0.6539264674066639
India,2019.0,42.80317073170732,IND,0.52,1.0,3.756612182360303,-0.6539264674066639
India,2019.0,39.6319696969697,IND,0.52,0.0,3.6796361081365405,-0.6539264674066639
Indonesia,2010.0,17.0,IDN,9.12,1.0,2.833213344056216,2.21046980408624
Indonesia,2019.0,42.65,IDN,6.46,3.0,3.753027273937688,1.8656293177945105
Indonesia,2019.0,30.060000000000002,IDN,6.46,2.0,3.4031953843248286,1.8656293177945105
Indonesia,2019.0,41.25,IDN,6.46,1.0,3.71965111278069,1.8656293177945105
Indonesia,2019.0,46.35,IDN,6.46,0.0,3.836221292011864,1.8656293177945105
Iran (Islamic Republic of),2010.0,48.26,Iran (Islamic Republic of),4.28,1.0,3.8766030601968855,1.4539530095937054
Iran (Islamic Republic of),2010.0,36.098333333333336,Iran (Islamic Republic of),4.28,2.0,3.58624669622135,1.4539530095937054
Iran (Islamic Republic of),2010.0,44.824999999999996,Iran (Islamic Republic of),4.28,3.0,3.8027660194911963,1.4539530095937054
Iran (Islamic Republic of),2019.0,31.882105263157893,Iran (Islamic Republic of),2.02,3.0,3.4620448888545177,0.7030975114131134
Iran (Islamic Republic of),2019.0,36.9625,Iran (Islamic Republic of),2.02,2.0,3.6099038851785954,0.7030975114131134
Iran (Islamic Republic of),2019.0,29.95529411764706,Iran (Islamic Republic of),2.02,1.0,3.3997060741372285,0.7030975114131134
Iran (Islamic Republic of),2019.0,23.9065,Iran (Islamic Republic of),2.02,0.0,3.17415038848847,0.7030975114131134
Iran (Islamic Republic of),2020.0,27.056,Iran (Islamic Republic of),32.15,0.0,3.2979087921562247,3.4704124506836282
Iraq,2019.0,43.339999999999996,IRQ,0.97,0.0,3.7690759961082128,-0.030459207484708574
Ireland,2010.0,11.46,IRL,0.12,0.0,2.4388627112865935,-2.120263536200091
Ireland,2010.0,10.876000000000001,IRL,0.12,3.0,2.3865585267702243,-2.120263536200091
Ireland,2019.0,8.866666666666667,IRL,0.25,3.0,2.1822989271195437,-1.3862943611198906
Ireland,2019.0,7.332857142857143,IRL,0.25,2.0,1.9923652275168984,-1.3862943611198906
Ireland,2019.0,7.87125,IRL,0.25,1.0,2.0632168808208156,-1.3862943611198906
Ireland,2019.0,8.896153846153847,IRL,0.25,0.0,2.1856190312159116,-1.3862943611198906
Israel,2010.0,21.20736842105263,ISR,0.09,2.0,3.0543486883213227,-2.4079456086518722
Israel,2010.0,22.178421052631577,ISR,0.09,3.0,3.0991197914996755,-2.4079456086518722
Italy,2010.0,20.088117647058823,ITA,0.05,0.0,3.000128478422106,-2.995732273553991
Italy,2010.0,18.26977777777778,ITA,0.05,3.0,2.9052482070853887,-2.995732273553991
Italy,2019.0,16.37331550802139,ITA,0.06,3.0,2.795652906490709,-2.8134107167600364
Italy,2019.0,17.186587677725118,ITA,0.06,2.0,2.8441292934492464,-2.8134107167600364
Italy,2019.0,15.28847926267281,ITA,0.06,1.0,2.727099555391712,-2.8134107167600364
Italy,2019.0,14.4304,ITA,0.06,0.0,2.6693370924293065,-2.8134107167600364
Japan,2010.0,10.642857142857142,JPN,0.55,0.0,2.3648889763302003,-0.5978370007556204
Japan,2010.0,16.8,JPN,0.55,1.0,2.8213788864092133,-0.5978370007556204
Japan,2010.0,14.558666666666666,JPN,0.55,2.0,2.6781864634837103,-0.5978370007556204
Japan,2019.0,11.471333333333332,JPN,0.57,1.0,2.439851169662856,-0.5621189181535413
Jordan,2019.0,26.83,JOR,0.13,0.0,3.2895206644375325,-2.0402208285265546
Kazakhstan,2019.0,32.25,KAZ,3.18,1.0,3.4735180432417816,1.1568811967920856
Kazakhstan,2019.0,21.77,KAZ,3.18,0.0,3.080532875246456,1.1568811967920856
Kenya,2019.0,5.91,KEN,3.14,1.0,1.776645831418007,1.144222799920162
Kenya,2019.0,10.79,KEN,3.14,0.0,2.378619779270043,1.144222799920162
Kuwait,2019.0,35.09166666666667,KWT,0.12,3.0,3.5579636853798817,-2.120263536200091
Kuwait,2019.0,65.986,KWT,0.12,2.0,4.189442598313418,-2.120263536200091
Kuwait,2019.0,56.5,KWT,0.12,1.0,4.034240638152395,-2.120263536200091
Kuwait,2019.0,40.74333333333333,KWT,0.12,0.0,3.7072922271210618,-2.120263536200091
Kuwait,2020.0,37.444,KWT,4.98,0.0,3.6228464835094982,1.6054298910365616
Kyrgyzstan,2019.0,33.15,KGZ,2.73,0.0,3.5010427166318716,1.0043016091968684
Lao People's Democratic Republic,2019.0,25.77,LAO,11.12,0.0,3.2492110246642736,2.4087452888224363
Latvia,2010.0,21.49,LVA,0.95,0.0,3.067587710654419,-0.05129329438755058
Latvia,2010.0,14.100000000000001,LVA,0.95,3.0,2.6461747973841225,-0.05129329438755058
Latvia,2019.0,13.797999999999998,LVA,0.76,3.0,2.6245236541239167,-0.2744368457017603
Latvia,2019.0,12.712,LVA,0.76,2.0,2.542546429234415,-0.2744368457017603
Latvia,2019.0,14.168000000000001,LVA,0.76,1.0,2.6509859004805323,-0.2744368457017603
Latvia,2019.0,11.434000000000001,LVA,0.76,0.0,2.4365913728417796,-0.2744368457017603
Lebanon,2010.0,30.3,LBN,0.47,2.0,3.4111477125153233,-0.7550225842780328
Lebanon,2019.0,19.0,LBN,0.37,3.0,2.9444389791664403,-0.9942522733438669
Lithuania,2010.0,15.856666666666667,LTU,1.42,0.0,2.7635900217760803,0.35065687161316933
Lithuania,2010.0,15.086000000000002,LTU,1.42,3.0,2.713767161431439,0.35065687161316933
Lithuania,2019.0,11.041666666666666,LTU,1.08,3.0,2.4016759956382767,0.0769610411361284
Lithuania,2019.0,11.74,LTU,1.08,2.0,2.4630018143999504,0.0769610411361284
Lithuania,2019.0,13.672,LTU,1.08,1.0,2.6153499458132896,0.0769610411361284
Lithuania,2019.0,13.163999999999998,LTU,1.08,0.0,2.5774858310810935,0.0769610411361284
Luxembourg,2010.0,14.073333333333332,LUX,0.03,0.0,2.6442817537520646,-3.506557897319982
Luxembourg,2010.0,15.933333333333332,LUX,0.03,3.0,2.7684133508293005,-3.506557897319982
Luxembourg,2019.0,11.103333333333333,LUX,0.08,3.0,2.4072453635374784,-2.5257286443082556
Luxembourg,2019.0,9.84,LUX,0.08,2.0,2.286455711064162,-2.5257286443082556
Luxembourg,2019.0,9.483333333333333,LUX,0.08,1.0,2.24953587190423,-2.5257286443082556
Luxembourg,2019.0,7.986666666666667,LUX,0.08,0.0,2.077773484579139,-2.5257286443082556
Madagascar,2019.0,128.0,MDG,5.42,2.0,4.852030263919617,1.6900958154515549
Madagascar,2019.0,19.0,MDG,5.42,0.0,2.9444389791664403,1.6900958154515549
Madagascar,2020.0,32.0,MDG,72.69,0.0,3.4657359027997265,4.286203823496544
Malaysia,2010.0,21.0,MYS,2.35,0.0,3.044522437723423,0.8544153281560676
Malaysia,2010.0,15.0,MYS,2.35,2.0,2.70805020110221,0.8544153281560676
Malaysia,2019.0,20.966874999999998,MYS,1.83,0.0,3.0429438113959146,0.6043159668533296
Malta,2010.0,14.983333333333333,MLT,0.11,0.0,2.7069384722495196,-2.2072749131897207
Malta,2010.0,13.209999999999999,MLT,0.11,3.0,2.580974118534234,-2.2072749131897207
Malta,2019.0,11.8725,MLT,0.27,3.0,2.47422480144114,-1.3093333199837622
Malta,2019.0,11.64,MLT,0.27,2.0,2.454447442303292,-1.3093333199837622
Malta,2019.0,12.08125,MLT,0.27,1.0,2.491654663974504,-1.3093333199837622
Malta,2019.0,11.8,MLT,0.27,0.0,2.468099531471619,-1.3093333199837622
Mexico,2010.0,22.677142857142858,MEX,1.04,0.0,3.121357494607416,0.03922071315328133
Mexico,2010.0,26.82,MEX,1.04,1.0,3.2891478778535324,0.03922071315328133
Mexico,2010.0,23.88272727272727,MEX,1.04,2.0,3.173155489403872,0.03922071315328133
Mexico,2010.0,25.502727272727274,MEX,1.04,3.0,3.2387853983170944,0.03922071315328133
Mexico,2019.0,22.247142857142855,MEX,20.46,3.0,3.102213589451934,3.0184717605234805
Mexico,2019.0,22.0,MEX,20.46,2.0,3.091042453358316,3.0184717605234805
Mexico,2019.0,20.1492,MEX,20.46,1.0,3.003164585371287,3.0184717605234805
Mongolia,2010.0,46.03333333333333,MNG,7.94,0.0,3.8293657717471365,2.0719132752590443
Mongolia,2010.0,132.0,MNG,7.94,1.0,4.882801922586371,2.0719132752590443
Mongolia,2010.0,106.0,MNG,7.94,2.0,4.663439094112067,2.0719132752590443
Mongolia,2010.0,72.06,MNG,7.94,3.0,4.277499105319947,2.0719132752590443
Mongolia,2019.0,79.02,MNG,3.29,3.0,4.369700984983244,1.1908875647772805
Mongolia,2019.0,86.0,MNG,3.29,2.0,4.454347296253507,1.1908875647772805
Mongolia,2019.0,74.0,MNG,3.29,1.0,4.30406509320417,1.1908875647772805
Mongolia,2019.0,60.0,MNG,3.29,0.0,4.0943445622221,1.1908875647772805
Myanmar,2019.0,18.08,MMR,9.39,0.0,2.89480635496403,2.2396452932201716
Nepal,2010.0,49.11,NPL,0.76,3.0,3.894062680051153,-0.2744368457017603
Nepal,2019.0,42.0,NPL,0.55,3.0,3.7376696182833684,-0.5978370007556204
Nepal,2019.0,39.28,NPL,0.55,2.0,3.670715483486265,-0.5978370007556204
Nepal,2019.0,49.019999999999996,NPL,0.55,1.0,3.8922283780999662,-0.5978370007556204
Nepal,2019.0,26.095454545454547,NPL,0.55,0.0,3.261761143815275,-0.5978370007556204
Nepal,2020.0,36.585,NPL,7.94,0.0,3.5996383203359934,2.0719132752590443
Netherlands,2010.0,16.920526315789473,NLD,0.06,0.0,2.828527459828421,-2.8134107167600364
Netherlands,2010.0,14.3271875,NLD,0.06,3.0,2.6621589560036543,-2.8134107167600364
Netherlands,2019.0,10.841612903225805,NLD,0.21,3.0,2.3833917767535953,-1.5606477482646683
Netherlands,2019.0,11.092058823529412,NLD,0.21,2.0,2.406229430978688,-1.5606477482646683
Netherlands,2019.0,12.340625,NLD,0.21,1.0,2.5128966654928773,-1.5606477482646683
Netherlands,2019.0,10.91125,NLD,0.21,0.0,2.3897943670674224,-1.5606477482646683
New Zealand,2010.0,10.655,NZL,0.03,2.0,2.3660292655505804,-3.506557897319982
New Zealand,2019.0,8.94357142857143,NZL,0.02,3.0,2.1909349980655977,-3.912023005428146
New Zealand,2019.0,11.382222222222222,NZL,0.02,2.0,2.432052683995105,-3.912023005428146
Nigeria,2010.0,27.43,NGA,5.89,0.0,3.311637304949512,1.7732559976634952
North Macedonia,2010.0,44.5,MKD,0.19,3.0,3.7954891891721947,-1.6607312068216509
North Macedonia,2019.0,40.18,MKD,0.16,3.0,3.6933693593867885,-1.8325814637483102
North Macedonia,2019.0,43.48,MKD,0.16,2.0,3.7723010622530087,-1.8325814637483102
Pakistan,2010.0,95.33333333333333,PAK,0.97,0.0,4.557379522151743,-0.030459207484708574
Pakistan,2010.0,66.1,PAK,0.97,1.0,4.191168746857641,-0.030459207484708574
Pakistan,2010.0,36.5,PAK,0.97,3.0,3.597312260588446,-0.030459207484708574
Pakistan,2019.0,37.83,PAK,0.83,1.0,3.6331024386449378,-0.18632957819149348
Pakistan,2019.0,71.855,PAK,0.83,0.0,4.27465019952621,-0.18632957819149348
Pakistan,2020.0,32.29,PAK,33.02,0.0,3.4747575847701837,3.497113438491982
Panama,2010.0,14.0,PAN,0.43,3.0,2.6390573296152584,-0.843970070294529
Paraguay,2010.0,18.4,PRY,0.8,0.0,2.91235066461494,-0.2231435513142097
Peru,2010.0,30.57,PER,0.46,0.0,3.420019135902743,-0.7765287894989963
Peru,2010.0,36.0625,PER,0.46,1.0,3.585253544268318,-0.7765287894989963
Peru,2010.0,30.37,PER,0.46,2.0,3.4134552790576573,-0.7765287894989963
Peru,2010.0,34.52166666666667,PER,0.46,3.0,3.5415871462393764,-0.7765287894989963
Peru,2019.0,27.5,PER,0.59,3.0,3.3141860046725258,-0.527632742082372
Peru,2019.0,23.398,PER,0.59,2.0,3.15265054862541,-0.527632742082372
Peru,2019.0,25.99,PER,0.59,1.0,3.2577118486533987,-0.527632742082372
Peru,2019.0,30.14,PER,0.59,0.0,3.4058531931983493,-0.527632742082372
Philippines,2010.0,32.5,PHL,13.1,3.0,3.481240089335692,2.5726122302071057
Philippines,2019.0,26.833333333333332,PHL,10.48,3.0,3.289644895756408,2.349468678892896
Philippines,2019.0,39.2,PHL,10.48,2.0,3.6686767467964168,2.349468678892896
Philippines,2019.0,18.0,PHL,10.48,1.0,2.8903717578961645,2.349468678892896
Poland,2010.0,29.421463414634147,POL,0.6,0.0,3.3817244561059443,-0.5108256237659907
Poland,2010.0,24.482698412698415,POL,0.6,3.0,3.197966680846221,-0.5108256237659907
Poland,2019.0,22.398028169014083,POL,6.15,3.0,3.108972926817273,1.8164520818184267
Poland,2019.0,22.874399999999998,POL,6.15,2.0,3.1300183813093887,1.8164520818184267
Poland,2019.0,23.2772,POL,6.15,1.0,3.14747434071554,1.8164520818184267
Poland,2019.0,18.734772727272727,POL,6.15,0.0,2.930381301255216,1.8164520818184267
Portugal,2010.0,8.046,PRT,0.57,0.0,2.0851750735275965,-0.5621189181535413
Portugal,2010.0,6.382857142857143,PRT,0.57,3.0,1.8536158251456867,-0.5621189181535413
Portugal,2019.0,7.197692307692307,PRT,2.2,3.0,1.9737604618262847,0.7884573603642703
Portugal,2019.0,9.309166666666666,PRT,2.2,2.0,2.2309995777947567,0.7884573603642703
Portugal,2019.0,7.857777777777778,PRT,2.2,1.0,2.0615038409931685,0.7884573603642703
Portugal,2019.0,6.546428571428572,PRT,2.2,0.0,1.8789196446704555,0.7884573603642703
Qatar,2019.0,38.0,QAT,0.45,3.0,3.6375861597263857,-0.7985076962177716
Qatar,2019.0,44.0,QAT,0.45,2.0,3.784189633918261,-0.7985076962177716
Qatar,2019.0,44.0,QAT,0.45,1.0,3.784189633918261,-0.7985076962177716
Qatar,2019.0,41.0,QAT,0.45,0.0,3.713572066704308,-0.7985076962177716
Qatar,2020.0,33.0,QAT,6.11,0.0,3.4965075614664802,1.809926773183504
Republic of Korea,2019.0,25.058823529411764,Republic of Korea,0.24,3.0,3.2212260022131542,-1.4271163556401458
Republic of Korea,2019.0,24.235294117647058,Republic of Korea,0.24,2.0,3.1878100052933105,-1.4271163556401458
Republic of Korea,2019.0,22.58823529411765,Republic of Korea,0.24,1.0,3.1174292085315107,-1.4271163556401458
Republic of Korea,2019.0,22.705882352941178,Republic of Korea,0.24,0.0,3.122624025408615,-1.4271163556401458
Republic of Korea,2020.0,18.41176470588235,Republic of Korea,6.23,0.0,2.912989846483937,1.8293763327993617
Romania,2010.0,15.781578947368422,ROU,0.44,0.0,2.758843370448078,-0.8209805520698302
Romania,2010.0,16.054,ROU,0.44,3.0,2.775958039709385,-0.8209805520698302
Romania,2019.0,16.232499999999998,ROU,1.31,3.0,2.7870154054005045,0.2700271372130602
Romania,2019.0,19.143333333333334,ROU,1.31,2.0,2.9519545262080955,0.2700271372130602
Romania,2019.0,18.269166666666667,ROU,1.31,1.0,2.9052147572350737,0.2700271372130602
Romania,2019.0,15.9575,ROU,1.31,0.0,2.7699289381480754,0.2700271372130602
Russian Federation,2019.0,14.0,RUS,2.33,3.0,2.6390573296152584,0.8458682675776092
Saudi Arabia,2019.0,86.0,SAU,0.72,3.0,4.454347296253507,-0.3285040669720361
Saudi Arabia,2019.0,75.0,SAU,0.72,2.0,4.31748811353631,-0.3285040669720361
Saudi Arabia,2019.0,34.12,SAU,0.72,0.0,3.5298837226234783,-0.3285040669720361
Senegal,2010.0,30.0,SEN,5.52,3.0,3.4011973816621555,1.7083778602890038
Senegal,2019.0,29.42,SEN,4.68,3.0,3.3816747151732915,1.5432981099295553
Senegal,2019.0,19.86,SEN,4.68,2.0,2.9887076586170265,1.5432981099295553
Senegal,2019.0,42.0,SEN,4.68,1.0,3.7376696182833684,1.5432981099295553
Serbia,2019.0,22.67,SRB,0.41,3.0,3.1210424645194377,-0.8915981192837836
Singapore,2010.0,17.0,SGP,0.13,0.0,2.833213344056216,-2.0402208285265546
Singapore,2010.0,17.0,SGP,0.13,1.0,2.833213344056216,-2.0402208285265546
Singapore,2010.0,19.0,SGP,0.13,2.0,2.9444389791664403,-2.0402208285265546
Singapore,2010.0,20.0,SGP,0.13,3.0,2.995732273553991,-2.0402208285265546
Singapore,2019.0,15.0,SGP,0.11,3.0,2.70805020110221,-2.2072749131897207
Singapore,2019.0,14.0,SGP,0.11,2.0,2.6390573296152584,-2.2072749131897207
Singapore,2019.0,15.0,SGP,0.11,1.0,2.70805020110221,-2.2072749131897207
Singapore,2019.0,16.0,SGP,0.11,0.0,2.772588722239781,-2.2072749131897207
Singapore,2020.0,11.0,SGP,4.99,0.0,2.3978952727983707,1.6074359097634274
Slovakia,2010.0,21.6535,SVK,0.5,0.0,3.075167104200026,-0.6931471805599453
Slovakia,2019.0,14.9125,SVK,0.43,3.0,2.7021997874240347,-0.843970070294529
Slovakia,2019.0,19.038888888888888,SVK,0.43,2.0,2.9464836709843985,-0.843970070294529
Slovakia,2019.0,18.11740740740741,SVK,0.43,1.0,2.8968732113166467,-0.843970070294529
Slovakia,2019.0,15.594074074074074,SVK,0.43,0.0,2.7468909750411945,-0.843970070294529
Slovenia,2010.0,18.69666666666667,SVN,0.08,0.0,2.928345254852136,-2.5257286443082556
Slovenia,2010.0,17.143333333333334,SVN,0.08,3.0,2.8416093711187154,-2.5257286443082556
Slovenia,2019.0,17.383333333333333,SVN,0.33,3.0,2.855511892778672,-1.1086626245216111
Slovenia,2019.0,16.53,SVN,0.33,2.0,2.805176911832933,-1.1086626245216111
Slovenia,2019.0,15.3675,SVN,0.33,1.0,2.7322548897990275,-1.1086626245216111
Slovenia,2019.0,12.452499999999999,SVN,0.33,0.0,2.5219214059653012,-1.1086626245216111
South Africa,2010.0,34.697500000000005,ZAF,2.67,0.0,3.546667638247858,0.9820784724121582
South Africa,2010.0,47.825,ZAF,2.67,1.0,3.8675485153263165,0.9820784724121582
South Africa,2010.0,27.28857142857143,ZAF,2.67,2.0,3.3064679855512784,0.9820784724121582
South Africa,2010.0,24.224999999999998,ZAF,2.67,3.0,3.1873851577768297,0.9820784724121582
South Africa,2019.0,22.853749999999998,ZAF,2.53,3.0,3.1291152176605777,0.9282193027394288
South Africa,2019.0,15.886000000000001,ZAF,2.53,2.0,2.7654382182109405,0.9282193027394288
South Africa,2019.0,22.49625,ZAF,2.53,1.0,3.1133486286532754,0.9282193027394288
South Africa,2019.0,21.082666666666668,ZAF,2.53,0.0,3.04845121788622,0.9282193027394288
South Africa,2020.0,22.632857142857144,ZAF,37.29,0.0,3.119402706331638,3.6187251941907292
Spain,2010.0,9.866119402985074,ESP,0.13,0.0,2.2891066052099394,-2.0402208285265546
Spain,2010.0,12.792222222222222,ESP,0.13,1.0,2.5488373473493535,-2.0402208285265546
Spain,2010.0,12.597142857142858,ESP,0.13,2.0,2.5334700308744784,-2.0402208285265546
Spain,2010.0,8.446447368421053,ESP,0.13,3.0,2.1337459231910496,-2.0402208285265546
Spain,2019.0,8.35840909090909,ESP,0.35,3.0,2.123268108856751,-1.0498221244986778
Spain,2019.0,9.550217391304347,ESP,0.35,2.0,2.256563917720921,-1.0498221244986778
Spain,2019.0,9.016129032258064,ESP,0.35,1.0,2.1990150881100075,-1.0498221244986778
Spain,2019.0,8.96968085106383,ESP,0.35,0.0,2.19385009584619,-1.0498221244986778
Sri Lanka,2019.0,31.39,LKA,0.19,2.0,3.4464893708538624,-1.6607312068216509
Sri Lanka,2019.0,31.66,LKA,0.19,1.0,3.4550540544528663,-1.6607312068216509
Sri Lanka,2019.0,23.58,LKA,0.19,0.0,3.160398895109225,-1.6607312068216509
Sweden,2010.0,7.445555555555556,SWE,0.01,0.0,2.00761728464886,-4.605170185988091
Sweden,2010.0,6.3774999999999995,SWE,0.01,3.0,1.8527761710338293,-4.605170185988091
Sweden,2019.0,5.863684210526316,SWE,0.1,3.0,1.7687781109047847,-2.3025850929940455
Sweden,2019.0,5.022,SWE,0.1,2.0,1.6138282607353933,-2.3025850929940455
Sweden,2019.0,6.572222222222222,SWE,0.1,1.0,1.8828520130881763,-2.3025850929940455
Sweden,2019.0,5.623333333333333,SWE,0.1,0.0,1.726924607889767,-2.3025850929940455
Switzerland,2010.0,14.577777777777776,CHE,0.1,1.0,2.679498299173769,-2.3025850929940455
Switzerland,2010.0,12.733333333333333,CHE,0.1,2.0,2.54422322694442,-2.3025850929940455
Switzerland,2010.0,14.046153846153846,CHE,0.1,3.0,2.6423486106993312,-2.3025850929940455
Switzerland,2019.0,10.223749999999999,CHE,0.27,3.0,2.324713445067047,-1.3093333199837622
Switzerland,2019.0,11.481851851851852,CHE,0.27,2.0,2.440767689019099,-1.3093333199837622
Switzerland,2019.0,11.253684210526316,CHE,0.27,1.0,2.4206955604189133,-1.3093333199837622
Switzerland,2019.0,9.358064516129033,CHE,0.27,0.0,2.236238486642212,-1.3093333199837622
Switzerland,2020.0,9.084821428571429,CHE,10.46,0.0,2.2066050460216555,2.347558458636777
Tajikistan,2019.0,71.52,TJK,3.89,0.0,4.269977130865259,1.358409157630355
Thailand,2019.0,24.6659375,THA,0.67,0.0,3.20542324328832,-0.40047756659712525
Trinidad and Tobago,2019.0,11.9,TTO,4.45,3.0,2.4765384001174837,1.4929040961781488
Trinidad and Tobago,2019.0,14.7,TTO,4.45,2.0,2.6878474937846906,1.4929040961781488
Trinidad and Tobago,2019.0,12.4,TTO,4.45,1.0,2.517696472610991,1.4929040961781488
Trinidad and Tobago,2019.0,11.933333333333332,TTO,4.45,0.0,2.479335604738545,1.4929040961781488
Turkmenistan,2019.0,22.08,TKM,4.7,0.0,3.0946722214088944,1.547562508716013
Uganda,2010.0,104.3,UGA,4.45,3.0,4.647271362006727,1.4929040961781488
Uganda,2019.0,53.71,UGA,3.73,2.0,3.983599203917368,1.3164082336557241
Uganda,2019.0,59.04,UGA,3.73,1.0,4.078215180292217,1.3164082336557241
Uganda,2019.0,60.15,UGA,3.73,0.0,4.096841442420688,1.3164082336557241
Ukraine,2019.0,22.82,UKR,1.26,1.0,3.1276373444339294,0.23111172096338664
Ukraine,2019.0,23.36,UKR,1.26,0.0,3.151025157960026,0.23111172096338664
United Arab Emirates,2019.0,32.79,ARE,0.71,2.0,3.4901235908565567,-0.342490308946776
United Arab Emirates,2019.0,51.53,ARE,0.71,1.0,3.942164162340133,-0.342490308946776
United Arab Emirates,2019.0,45.64,ARE,0.71,0.0,3.8207845249938748,-0.342490308946776
United Kingdom,2010.0,12.457954545454545,GBR,0.11,0.0,2.5223593382022877,-2.2072749131897207
United Kingdom,2010.0,12.167962962962964,GBR,0.11,3.0,2.498806511145897,-2.2072749131897207
United Kingdom,2019.0,9.798867924528302,GBR,1.47,3.0,2.282266861098544,0.3852624007906449
United Kingdom,2019.0,9.063207547169812,GBR,1.47,2.0,2.204223091303626,0.3852624007906449
United Kingdom,2019.0,9.838596491228069,GBR,1.47,1.0,2.28631306788583,0.3852624007906449
United Kingdom,2019.0,9.592131147540984,GBR,1.47,0.0,2.26094309022776,0.3852624007906449
United Republic of Tanzania,2010.0,23.32,TZA,5.78,1.0,3.1493113614822916,1.7544036826842861
United States of America,2010.0,9.746760563380281,USA,0.39,0.0,2.276934979892811,-0.941608539858445
United States of America,2010.0,9.626428571428571,USA,0.39,1.0,2.264512292165809,-0.941608539858445
United States of America,2010.0,9.296190476190477,USA,0.39,2.0,2.229604690023396,-0.941608539858445
United States of America,2010.0,9.207230769230769,USA,0.39,3.0,2.219989128532792,-0.941608539858445
United States of America,2019.0,7.528125,USA,1.8,3.0,2.018646006821099,0.5877866649021191
United States of America,2019.0,8.801333333333334,USA,1.8,2.0,2.1749032251584146,0.5877866649021191
United States of America,2019.0,8.861343283582091,USA,1.8,1.0,2.1816983652674784,0.5877866649021191
United States of America,2019.0,7.319298245614035,USA,1.8,0.0,1.9905144552920673,0.5877866649021191
Uruguay,2019.0,12.0,URY,0.92,1.0,2.4849066497880004,-0.08338160893905101
Uzbekistan,2019.0,43.09,UZB,6.61,1.0,3.763290951627747,1.888583653863595
Uzbekistan,2019.0,41.96,UZB,6.61,0.0,3.7367167835280966,1.888583653863595
Venezuela (Bolivarian Republic of),2010.0,35.0,Venezuela (Bolivarian Republic of),0.51,1.0,3.5553480614894135,-0.6733445532637656
Viet Nam,2019.0,46.919999999999995,VNM,3.58,3.0,3.8484440237852744,1.275362800412609
Viet Nam,2019.0,40.955,VNM,3.58,2.0,3.7124739029675653,1.275362800412609
Viet Nam,2019.0,33.38,VNM,3.58,1.0,3.507956918233689,1.275362800412609
Viet Nam,2019.0,39.355000000000004,VNM,3.58,0.0,3.6726230315944135,1.275362800412609
