iso3,country,ln_yll,ln_pm25,z,z_sq
AFG,Afghanistan,1.8229350866965048,4.785573236959415,1.8285982551220186,3.343771578635291
ALB,Albania,1.6074359097634274,3.067122269640664,0.11014728780326744,0.012132425010415827
ALB,Albania,1.6074359097634274,2.334083760053417,-0.6228912217839797,0.387993474175539
DZA,Algeria,-0.11653381625595151,3.0694473113762717,0.1124723295388752,0.01265002491190134
AUS,Australia,-1.7719568419318752,2.7204178499108718,-0.23655713192652472,0.055959276665303224
AUS,Australia,-1.7719568419318752,2.5330352194906935,-0.42393976234670294,0.17972492209857896
AUS,Australia,-1.7719568419318752,2.670694414558441,-0.28628056727895546,0.08195656320156054
AUS,Australia,-1.7719568419318752,2.296567020668483,-0.6604079611689135,0.4361386751752812
AUS,Australia,-0.21072103131565253,1.9235532419540369,-1.0334217398833596,1.0679604924635502
AUS,Australia,-0.21072103131565253,1.9851308622085946,-0.9718441196288019,0.944480992857081
AUS,Australia,-0.21072103131565253,2.086913556518537,-0.8700614253188594,0.7570068838278852
AUS,Australia,-0.21072103131565253,2.0088849482167017,-0.9480900336206948,0.8988747118508902
AUT,Austria,-2.3025850929940455,2.910025829892361,-0.04694915194503535,0.0022042228683580166
AUT,Austria,-2.3025850929940455,2.766455823971084,-0.19051915786631257,0.03629754951408893
AUT,Austria,-0.916290731874155,2.496811693179065,-0.46016328865833156,0.21175025222885097
AUT,Austria,-0.916290731874155,2.5317214622608755,-0.425253519576521,0.18084055591221854
AUT,Austria,-0.916290731874155,2.607349593083341,-0.3496253887540557,0.12223791246142457
AUT,Austria,-0.916290731874155,2.405760365603669,-0.5512146162337275,0.30383755314969546
BHS,Bahamas,1.1378330018213911,1.6544112780768316,-1.3025637037605649,1.6966722023544405
BHS,Bahamas,1.1378330018213911,1.4011829736136412,-1.5557920082237553,2.4204887728529054
BHS,Bahamas,3.015044584586364,1.1631508098056809,-1.7938241720317156,3.21780516016527
BHR,Bahrain,-0.21072103131565253,4.058674205753839,1.1016992239164423,1.2137411799780913
BHR,Bahrain,-0.5447271754416722,4.1067670822206574,1.149792100383261,1.3220218741037508
BHR,Bahrain,-0.5447271754416722,4.137404051682548,1.1804290698451516,1.39341278893549
BHR,Bahrain,-0.5447271754416722,3.7702289998102594,0.8132540179728629,0.6613820977490056
BGD,Bangladesh,-0.342490308946776,4.528828952731369,1.5718539708939727,2.47072490581515
BGD,Bangladesh,-0.342490308946776,4.619812462724961,1.6628374808875646,2.7650284878445017
BGD,Bangladesh,-0.342490308946776,4.614872961449477,1.65789797961208,2.748625710801817
BGD,Bangladesh,-0.342490308946776,4.333984628064774,1.377009646227377,1.8961555658032463
BGD,Bangladesh,-0.6539264674066639,4.211608944882751,1.2546339630453542,1.5741063812268914
BGD,Bangladesh,-0.6539264674066639,3.9170326583586283,0.9600576765212319,0.9217107422473463
BGD,Bangladesh,-0.6539264674066639,4.280737680061574,1.323762698224178,1.7523476812097558
BGD,Bangladesh,-0.6539264674066639,4.4599131733309525,1.502938191493556,2.258823207449921
BEL,Belgium,-2.5257286443082556,2.816714344676181,-0.1402606371612154,0.019673046336870118
BEL,Belgium,-2.5257286443082556,2.6953026282797072,-0.26167235355768925,0.06847242061642032
BEL,Belgium,-1.3470736479666092,2.5215197995342007,-0.4354551823031958,0.18962121579470947
BEL,Belgium,-1.3470736479666092,2.4939417965983943,-0.46303318523900217,0.21439973063257609
BEL,Belgium,-1.3470736479666092,2.529862311145409,-0.42711267069198744,0.1824252334656421
BEL,Belgium,-1.3470736479666092,2.3911024276585544,-0.5658725541788421,0.32021174757288656
BIH,Bosnia and Herzegovina,-1.3093333199837622,4.170842533194826,1.213867551357429,1.4734744322384807
BIH,Bosnia and Herzegovina,-0.941608539858445,3.765917652767174,0.8089426709297776,0.6543882448510024
BIH,Bosnia and Herzegovina,-0.941608539858445,3.8915651635257498,0.9345901816883533,0.8734588077082692
BIH,Bosnia and Herzegovina,-0.941608539858445,3.9085168660988585,0.951541884261462,0.9054319575038536
BIH,Bosnia and Herzegovina,-0.941608539858445,3.6624499172769562,0.7054749354395597,0.497694884533451
BRA,Brazil,0.3364722366212129,2.819989032120159,-0.13698594971723743,0.018765150419933502
BRA,Brazil,0.3364722366212129,2.750215293262889,-0.20675968857450755,0.04274956881942735
BRA,Brazil,0.3364722366212129,2.7283755675634556,-0.22859941427394093,0.052257692206388866
BRA,Brazil,0.3364722366212129,2.6504210882655737,-0.30655389357182283,0.09397528966404448
BRA,Brazil,0.3920420877760237,2.747270914255491,-0.2097040675819053,0.0439757959603963
BRA,Brazil,0.3920420877760237,2.722829338528798,-0.23414564330859866,0.05482418228039751
BRA,Brazil,0.3920420877760237,2.7363136663750693,-0.22066131546232715,0.04869141614156466
BGR,Bulgaria,-0.31471074483970024,3.171679390037226,0.21470440819982972,0.04609798290043911
BGR,Bulgaria,-0.31471074483970024,2.993515532684146,0.036540550846749564,0.0013352118561838903
BGR,Bulgaria,0.8153648132841944,2.956367550031714,-0.0006074318056823458,3.689733985545151e-07
BGR,Bulgaria,0.8153648132841944,2.9737787633381187,0.01680378150072226,0.0002823670727240156
BGR,Bulgaria,0.8153648132841944,2.9747274953924956,0.017752513555099103,0.0003151517375239774
BGR,Bulgaria,0.8153648132841944,2.805695315162324,-0.15127966667507264,0.022885537549321086
CMR,Cameroon,1.7119945007591924,4.4148164574968725,1.457841475659476,2.1253017681529984
CAN,Canada,-2.659260036932778,1.9293778440965907,-1.0275971377408057,1.0559558774930964
CAN,Canada,-1.2039728043259361,1.767695878171434,-1.1892791036659625,1.414384786416515
CAN,Canada,-1.2039728043259361,1.9144475199092332,-1.0425274619281633,1.0868635088743779
CAN,Canada,-1.2039728043259361,2.015426692925754,-0.9415482889116427,0.8865131803524421
CAN,Canada,-1.2039728043259361,1.7785475752558244,-1.178427406581572,1.3886911525825698
CHL,Chile,-1.8971199848858813,3.251853313365345,0.2948783315279484,0.08695323040470665
CHL,Chile,-1.8971199848858813,3.2666611553569935,0.30968617351959704,0.09590552606920996
CHL,Chile,-1.8971199848858813,3.223700530869883,0.2667255490324867,0.07114251850668146
CHL,Chile,-1.8971199848858813,3.4145637922048575,0.457588810367461,0.2093875193735082
CHL,Chile,-1.0216512475319814,3.2546602874387265,0.29768530560133,0.08861654117095723
CHL,Chile,-1.0216512475319814,2.70805020110221,-0.24892478073518642,0.06196354646406064
CHL,Chile,-1.0216512475319814,2.946002478880863,-0.010972502956533514,0.0001203958211311367
CHN,China,2.6864860231863696,4.3246181895787235,1.367643207741327,1.8704479436809864
CHN,China,2.6864860231863696,4.036044320273892,1.0790693384364958,1.1643906371537767
CHN,China,2.6864860231863696,4.3221439250725044,1.365168943235108,1.8636862435736614
CHN,China,2.247072383063787,3.8203737163784894,0.863398734541093,0.7454573748071607
CHN,China,2.247072383063787,3.798082240947006,0.8411072591096094,0.7074614213268796
CHN,China,2.247072383063787,3.6990490842372745,0.742074102399878,0.5506739734525846
CHN,China,2.247072383063787,3.650885621779354,0.6939106399419575,0.4815119762246569
COL,Colombia,-0.916290731874155,3.4759955917373415,0.519020609899945,0.2693823935009109
COL,Colombia,-0.916290731874155,3.1135153092103742,0.15654032737297774,0.024504874094039043
COL,Colombia,-0.916290731874155,3.2121868367174042,0.25521185488000775,0.06513309087129414
COL,Colombia,-0.916290731874155,3.106826321059578,0.1498513392221814,0.022455423866681284
COL,Colombia,1.5973653311998313,2.812710471645643,-0.14426451019175346,0.020812248900866536
COL,Colombia,1.5973653311998313,2.7219531062712017,-0.2350218755661948,0.055235281994651955
COL,Colombia,1.5973653311998313,2.846535967191864,-0.1104390146455323,0.012196775955876097
COL,Colombia,1.5973653311998313,2.8512265974442617,-0.10574838439313483,0.011182720801758202
CRI,Costa Rica,-1.8971199848858813,2.8903717578961645,-0.06660322394123197,0.004435989439365896
CRI,Costa Rica,0.7275486072772777,3.1135153092103742,0.15654032737297774,0.024504874094039043
CRI,Costa Rica,0.7275486072772777,2.0014800002101243,-0.9554949816272722,0.9129706599149012
HRV,Croatia,-1.3470736479666092,3.135711583607432,0.17873660177003536,0.03194677281230021
HRV,Croatia,-0.579818495252942,2.84922820962543,-0.10774677221196649,0.011609366922097394
HRV,Croatia,-0.579818495252942,2.743996327875679,-0.21297865396171733,0.04535990704334494
HRV,Croatia,-0.579818495252942,2.752226563435039,-0.20474841840235758,0.04192191483826688
HRV,Croatia,-0.579818495252942,2.6184901243895666,-0.33848485744782986,0.1145719987214777
CYP,Cyprus,-0.7985076962177716,2.9981293981537123,0.04115441631631578,0.0016936859823366384
CYP,Cyprus,-0.7985076962177716,2.7699602708860893,-0.18701471095130717,0.03497450211220097
CYP,Cyprus,-0.5621189181535413,2.4429265775471176,-0.5140484042902789,0.264245761953382
CYP,Cyprus,-0.5621189181535413,2.6191461249962034,-0.3378288568411931,0.11412833651462737
CYP,Cyprus,-0.5621189181535413,2.5604778366350742,-0.39649714520232227,0.1572099861535914
CYP,Cyprus,-0.5621189181535413,2.5668705876394307,-0.39010439419796583,0.15218143837256193
CZE,Czechia,-0.6348782724359695,3.1618115242465232,0.20483654240912674,0.04195800910612598
CZE,Czechia,-0.6348782724359695,3.0036074329254654,0.046632451088068905,0.002174585494481139
CZE,Czechia,0.9042181506398859,2.9158398813798994,-0.04113510045749713,0.0016920964896483808
CZE,Czechia,0.9042181506398859,2.931070667918757,-0.025904313918639676,0.0006710334795954293
CZE,Czechia,0.9042181506398859,3.0158712533507592,0.05889627151336274,0.0034687707981757433
CZE,Czechia,0.9042181506398859,2.7268547384530284,-0.2301202433843681,0.05295532641528081
DNK,Denmark,-1.2039728043259361,2.7138113515372817,-0.24316363030011479,0.059128551100730904
DNK,Denmark,-1.2039728043259361,2.403561010334048,-0.5534139715033484,0.3062670238551089
DNK,Denmark,-0.06187540371808753,2.331172549845958,-0.6258024319914384,0.3916286838863988
DNK,Denmark,-0.06187540371808753,2.241347783522856,-0.7156271983145404,0.5121222869675185
DNK,Denmark,-0.06187540371808753,2.5032376064727235,-0.45373737536467296,0.20587760580282213
DNK,Denmark,-0.06187540371808753,2.3264969130403585,-0.6304780687970379,0.3975025952340425
ECU,Ecuador,-0.7550225842780328,2.958549482426275,0.0015745005888785357,2.479052104378856e-06
ECU,Ecuador,-0.7550225842780328,2.8803214220426634,-0.0766535597947331,0.005875768229204722
ECU,Ecuador,-0.7550225842780328,2.9139797716817317,-0.042995210155664765,0.0018485880963297785
ECU,Ecuador,-0.7550225842780328,2.915064370486536,-0.04191061135086027,0.0017564993438028578
ECU,Ecuador,0.62057648772511,2.644044871126298,-0.31293011071109866,0.09792525418966047
ECU,Ecuador,0.62057648772511,2.6401281846167515,-0.316846797220645,0.10039189290898054
ECU,Ecuador,0.62057648772511,2.987700101856727,0.030725120019330365,0.0009440330002022556
SLV,El Salvador,-1.7719568419318752,3.392829131991639,0.43585415015424234,0.18996884020667681
SLV,El Salvador,-1.7719568419318752,3.505557396986398,0.5485824151490015,0.3009426662107115
SLV,El Salvador,-1.7719568419318752,3.7977338590260183,0.8407588771886219,0.7068754895714722
SLV,El Salvador,-1.7719568419318752,3.7819143200811256,0.8249393382437291,0.6805249117820017
SLV,El Salvador,-1.3862943611198906,3.299533727885655,0.34255874604825864,0.11734649449415535
SLV,El Salvador,-1.3862943611198906,3.367295829986474,0.41032084814907765,0.16836319842577843
EST,Estonia,-0.527632742082372,2.044677549243496,-0.9122974325939004,0.8322866055174223
EST,Estonia,-0.527632742082372,1.8939721785951504,-1.063002803242246,1.1299749597008732
EST,Estonia,-0.7985076962177716,1.6494824619651591,-1.3074925198722374,1.709536689521853
EST,Estonia,-0.7985076962177716,1.5151272329628591,-1.4418477488745374,2.078924930934571
EST,Estonia,-0.7985076962177716,1.8075859481445953,-1.1493890336928012,1.3210951507732713
EST,Estonia,-0.7985076962177716,1.5255126774963392,-1.4314623043410573,2.0490843287494096
ETH,Ethiopia,1.7439688053917064,3.342861804649192,0.3858868228117953,0.1489086400197819
ETH,Ethiopia,1.7439688053917064,3.3046864812813115,0.347711499443915,0.1209032868455357
ETH,Ethiopia,1.7439688053917064,3.3600281046240843,0.4030531227866878,0.16245181978810083
ETH,Ethiopia,1.7439688053917064,3.019448800171307,0.062473818333910636,0.0039029779772184687
FIN,Finland,-1.6607312068216509,2.143491662319298,-0.8134833195180984,0.6617551111341845
FIN,Finland,-1.6607312068216509,1.8574991917112602,-1.0994757901261363,1.2088470130734916
FIN,Finland,-0.4155154439616658,1.7452167775991023,-1.2117582042382942,1.4683579455388154
FIN,Finland,-0.4155154439616658,1.5069304657586804,-1.450044516078716,2.102629098609958
FIN,Finland,-0.4155154439616658,1.7945760118658314,-1.162398969971565,1.3511713653909556
FIN,Finland,-0.4155154439616658,1.6692779127901174,-1.287697069047279,1.658163741632953
FRA,France,-3.2188758248682006,2.876189167154163,-0.08078581468323343,0.0065263478540337335
FRA,France,-2.0402208285265546,2.4487236369882375,-0.508251344849159,0.25831942954097875
FRA,France,-2.0402208285265546,2.3949090001395534,-0.562065981697843,0.31591816778196
FRA,France,-2.0402208285265546,2.3392656003060557,-0.6177093815313408,0.3815648800318316
FRA,France,-2.0402208285265546,2.242639927794675,-0.7143350540427216,0.510274569434218
GEO,Georgia,0.9400072584914712,2.995732273553991,0.038757291716594366,0.0015021276612051943
DEU,Germany,-2.659260036932778,2.853363321422232,-0.10361166041516467,0.010735376173987402
DEU,Germany,-2.659260036932778,2.6469357804548266,-0.3100392013825699,0.09612430639394173
DEU,Germany,-1.2729656758128873,2.5013154044543926,-0.4556595773830039,0.2076256504608577
DEU,Germany,-1.2729656758128873,2.491414165534979,-0.46556081630241763,0.21674687367617346
DEU,Germany,-1.2729656758128873,2.532071154664775,-0.42490382717262154,0.18054326234594104
DEU,Germany,-1.2729656758128873,2.338273935402553,-0.6187010464348437,0.38279098485957064
GHA,Ghana,1.1118575154181303,4.007333185232471,1.0503582033950747,1.103252355439329
GRC,Greece,-2.659260036932778,2.698673039289613,-0.25830194254778327,0.06671989352395832
GRC,Greece,-2.659260036932778,2.3045830956567186,-0.6523918861806779,0.4256151731543826
GRC,Greece,-1.5606477482646683,2.836233987400137,-0.12074099443725927,0.014578387737698276
GRC,Greece,-1.5606477482646683,2.8008572506884164,-0.1561177311489801,0.02437274597910523
GRC,Greece,-1.5606477482646683,2.8094026953624973,-0.14757228647489917,0.02177757973542971
GRC,Greece,-1.5606477482646683,2.8236382369154724,-0.13333674492192404,0.01777868754637424
GTM,Guatemala,-0.9675840262617056,3.7106409458954492,0.7536659640580528,0.568012385379554
GTM,Guatemala,1.4609379041156563,2.6390573296152584,-0.3179176522221381,0.10107163359443634
HND,Honduras,0.7514160886839212,3.58351893845611,0.6265439566187134,0.39255732957543227
HUN,Hungary,-0.2231435513142097,3.0746589741077917,0.11768399227039517,0.013849522036698429
HUN,Hungary,-0.2231435513142097,2.834584951991443,-0.12239002984595349,0.014979319405693385
HUN,Hungary,1.2725655957915476,2.315501318260592,-0.6414736635768046,0.41148846106264747
HUN,Hungary,1.2725655957915476,2.6979998652487085,-0.258975116588688,0.06706811101212454
HUN,Hungary,1.2725655957915476,2.9219960271734773,-0.034978954663919204,0.001223527269380515
HUN,Hungary,1.2725655957915476,2.694916714140813,-0.2620582676965837,0.06867453566813432
ISL,Iceland,-2.659260036932778,2.0457554840250296,-0.9112194978123669,0.8303209731934221
ISL,Iceland,-1.3093333199837622,1.9013609791431358,-1.0556140026942606,1.1143209226841986
ISL,Iceland,-1.3093333199837622,1.6486586255873816,-1.3083163562500149,1.7116916880313158
ISL,Iceland,-1.3093333199837622,1.466337068793427,-1.4906379130439695,2.222001387804081
ISL,Iceland,-1.3093333199837622,1.3832898520995918,-1.5736851297378047,2.4764848875578913
IND,India,-0.6539264674066639,3.6734145968559346,0.7164396150185381,0.5132857219679111
IND,India,-0.6539264674066639,3.671487145470951,0.7145121636335543,0.510527631980303
IND,India,-0.6539264674066639,3.756612182360303,0.7996372005229064,0.6394196524601109
IND,India,-0.6539264674066639,3.6796361081365405,0.722661126299144,0.5222391034639474
IDN,Indonesia,2.21046980408624,2.833213344056216,-0.12376163778118032,0.01531694298628008
IDN,Indonesia,1.8656293177945105,3.753027273937688,0.7960522921002915,0.6336992517581278
IDN,Indonesia,1.8656293177945105,3.4031953843248286,0.4462204024874321,0.1991126475960459
IDN,Indonesia,1.8656293177945105,3.71965111278069,0.7626761309432935,0.5816748807106317
IDN,Indonesia,1.8656293177945105,3.836221292011864,0.8792463101744676,0.7730740739554162
Iran (Islamic Republic of),Iran (Islamic Republic of),1.4539530095937054,3.8766030601968855,0.919628078359489,0.8457158025071665
Iran (Islamic Republic of),Iran (Islamic Republic of),1.4539530095937054,3.58624669622135,0.6292717143839535,0.3959828905237199
Iran (Islamic Republic of),Iran (Islamic Republic of),1.4539530095937054,3.8027660194911963,0.8457910376537998,0.7153624793754915
Iran (Islamic Republic of),Iran (Islamic Republic of),0.7030975114131134,3.4620448888545177,0.5050699070171212,0.25509561097428346
Iran (Islamic Republic of),Iran (Islamic Republic of),0.7030975114131134,3.6099038851785954,0.6529289033411989,0.4263161528183407
Iran (Islamic Republic of),Iran (Islamic Republic of),0.7030975114131134,3.3997060741372285,0.442731092299832,0.19601082008900234
Iran (Islamic Republic of),Iran (Islamic Republic of),0.7030975114131134,3.17415038848847,0.21717540665107338,0.047165157254059085
Iran (Islamic Republic of),Iran (Islamic Republic of),3.4704124506836282,3.2979087921562247,0.3409338103188282,0.11623586301851471
IRQ,Iraq,-0.030459207484708574,3.7690759961082128,0.8121010142708163,0.6595080573796885
IRL,Ireland,-2.120263536200091,2.4388627112865935,-0.518112270550803,0.2684403248953085
IRL,Ireland,-2.120263536200091,2.3865585267702243,-0.5704164550671722,0.3253749322113993
IRL,Ireland,-1.3862943611198906,2.1822989271195437,-0.7746760547178528,0.6001229897532178
IRL,Ireland,-1.3862943611198906,1.9923652275168984,-0.9646097543204981,0.9304719781302517
IRL,Ireland,-1.3862943611198906,2.0632168808208156,-0.8937581010165809,0.7988035431327649
IRL,Ireland,-1.3862943611198906,2.1856190312159116,-0.7713559506214849,0.5949900025591747
ISR,Israel,-2.4079456086518722,3.0543486883213227,0.09737370648392618,0.009481638714417808
ISR,Israel,-2.4079456086518722,3.0991197914996755,0.14214480966227905,0.02020514691392554
ITA,Italy,-2.995732273553991,3.000128478422106,0.04315349658470957,0.0018622242674865407
ITA,Italy,-2.995732273553991,2.9052482070853887,-0.05172677475200782,0.0026756592262449537
ITA,Italy,-2.8134107167600364,2.795652906490709,-0.1613220753466873,0.026024811994162254
ITA,Italy,-2.8134107167600364,2.8441292934492464,-0.11284568838815012,0.01273414938779548
ITA,Italy,-2.8134107167600364,2.727099555391712,-0.22987542644568437,0.052842711683585245
ITA,Italy,-2.8134107167600364,2.6693370924293065,-0.28763788940809,0.08273555542314061
JPN,Japan,-0.5978370007556204,2.3648889763302003,-0.5920860055071961,0.3505658379174675
JPN,Japan,-0.5978370007556204,2.8213788864092133,-0.13559609542818318,0.01838630109536896
JPN,Japan,-0.5978370007556204,2.6781864634837103,-0.27878851835368623,0.07772303796584365
JPN,Japan,-0.5621189181535413,2.439851169662856,-0.5171238121745403,0.26741703711792925
JOR,Jordan,-2.0402208285265546,3.2895206644375325,0.33254568260013606,0.11058663101599044
KAZ,Kazakhstan,1.1568811967920856,3.4735180432417816,0.5165430614043851,0.26681673428501435
KAZ,Kazakhstan,1.1568811967920856,3.080532875246456,0.12355789340905954,0.015266553023684518
KEN,Kenya,1.144222799920162,1.776645831418007,-1.1803291504193896,1.393176903329758
KEN,Kenya,1.144222799920162,2.378619779270043,-0.5783552025673533,0.33449474033672427
KWT,Kuwait,-2.120263536200091,3.5579636853798817,0.6009887035424852,0.3611874217856772
KWT,Kuwait,-2.120263536200091,4.189442598313418,1.2324676164760215,1.5189764256620857
KWT,Kuwait,-2.120263536200091,4.034240638152395,1.077265656314999,1.1605012942757853
KWT,Kuwait,-2.120263536200091,3.7072922271210618,0.7503172452836653,0.5629759685700679
KWT,Kuwait,1.6054298910365616,3.6228464835094982,0.6658715016721017,0.4433848567390598
KGZ,Kyrgyzstan,1.0043016091968684,3.5010427166318716,0.5440677347944751,0.2960097000443913
LAO,Lao People's Democratic Republic,2.4087452888224363,3.2492110246642736,0.2922360428268771,0.08540190472711234
LVA,Latvia,-0.05129329438755058,3.067587710654419,0.11061272881702244,0.012235175776348146
LVA,Latvia,-0.05129329438755058,2.6461747973841225,-0.31080018445327395,0.09659675465618911
LVA,Latvia,-0.2744368457017603,2.6245236541239167,-0.33245132771347974,0.1105238852984555
LVA,Latvia,-0.2744368457017603,2.542546429234415,-0.4144285526029816,0.1717510252126023
LVA,Latvia,-0.2744368457017603,2.6509859004805323,-0.3059890813568642,0.09362931790961766
LVA,Latvia,-0.2744368457017603,2.4365913728417796,-0.5203836089956169,0.27079910051130307
LBN,Lebanon,-0.7550225842780328,3.4111477125153233,0.45417273067792685,0.20627286929144467
LBN,Lebanon,-0.9942522733438669,2.9444389791664403,-0.012536002670956226,0.00015715136296622163
LTU,Lithuania,0.35065687161316933,2.7635900217760803,-0.19338496006131622,0.037397742777916874
LTU,Lithuania,0.35065687161316933,2.713767161431439,-0.24320782040595734,0.0591500439066164
LTU,Lithuania,0.0769610411361284,2.4016759956382767,-0.5552989861991198,0.3083569640737702
LTU,Lithuania,0.0769610411361284,2.4630018143999504,-0.4939731674374461,0.24400949014818318
LTU,Lithuania,0.0769610411361284,2.6153499458132896,-0.3416250360241069,0.11670766523847233
LTU,Lithuania,0.0769610411361284,2.5774858310810935,-0.37948915075630296,0.14401201554174003
LUX,Luxembourg,-3.506557897319982,2.6442817537520646,-0.31269322808533184,0.09777705489042536
LUX,Luxembourg,-3.506557897319982,2.7684133508293005,-0.18856163100809598,0.03555548868843334
LUX,Luxembourg,-2.5257286443082556,2.4072453635374784,-0.5497296182999181,0.3022026532361736
LUX,Luxembourg,-2.5257286443082556,2.286455711064162,-0.6705192707732346,0.44959609247827026
LUX,Luxembourg,-2.5257286443082556,2.24953587190423,-0.7074391099331665,0.5004700942630308
LUX,Luxembourg,-2.5257286443082556,2.077773484579139,-0.8792014972582574,0.7729952727811615
MDG,Madagascar,1.6900958154515549,4.852030263919617,1.8950552820822204,3.5912345221477238
MDG,Madagascar,1.6900958154515549,2.9444389791664403,-0.012536002670956226,0.00015715136296622163
MDG,Madagascar,4.286203823496544,3.4657359027997265,0.50876092096233,0.25883767469843827
MYS,Malaysia,0.8544153281560676,3.044522437723423,0.08754745588602653,0.00766455703211576
MYS,Malaysia,0.8544153281560676,2.70805020110221,-0.24892478073518642,0.06196354646406064
MYS,Malaysia,0.6043159668533296,3.0429438113959146,0.08596882955851815,0.007390639655661543
MLT,Malta,-2.2072749131897207,2.7069384722495196,-0.25003650958787693,0.06251825612688847
MLT,Malta,-2.2072749131897207,2.580974118534234,-0.3760008633031626,0.1413766492047236
MLT,Malta,-1.3093333199837622,2.47422480144114,-0.4827501803962564,0.23304773667261808
MLT,Malta,-1.3093333199837622,2.454447442303292,-0.5025275395341047,0.25253392799020113
MLT,Malta,-1.3093333199837622,2.491654663974504,-0.46532031786289263,0.21652299821602344
MLT,Malta,-1.3093333199837622,2.468099531471619,-0.4888754503657773,0.23899920597034158
MEX,Mexico,0.03922071315328133,3.121357494607416,0.16438251277001958,0.027021610504585653
MEX,Mexico,0.03922071315328133,3.2891478778535324,0.33217289601613587,0.1103388328477466
MEX,Mexico,0.03922071315328133,3.173155489403872,0.21618050756647555,0.046734011851698995
MEX,Mexico,0.03922071315328133,3.2387853983170944,0.28181041647969796,0.07941711083646082
MEX,Mexico,3.0184717605234805,3.102213589451934,0.14523860761453733,0.02109425314180954
MEX,Mexico,3.0184717605234805,3.091042453358316,0.13406747152091958,0.017974086920012584
MEX,Mexico,3.0184717605234805,3.003164585371287,0.046189603533890455,0.0021334794746179857
MNG,Mongolia,2.0719132752590443,3.8293657717471365,0.8723907899097401,0.7610656903193402
MNG,Mongolia,2.0719132752590443,4.882801922586371,1.925826940748974,3.7088094057145526
MNG,Mongolia,2.0719132752590443,4.663439094112067,1.7064641122746704,2.912019766481379
MNG,Mongolia,2.0719132752590443,4.277499105319947,1.3205241234825507,1.7437839606993588
MNG,Mongolia,1.1908875647772805,4.369700984983244,1.4127260031458477,1.9957947599644417
MNG,Mongolia,1.1908875647772805,4.454347296253507,1.4973723144161109,2.2421238479798604
MNG,Mongolia,1.1908875647772805,4.30406509320417,1.3470901113667737,1.8146517681421468
MNG,Mongolia,1.1908875647772805,4.0943445622221,1.137369580384704,1.2936095623844774
MMR,Myanmar,2.2396452932201716,2.89480635496403,-0.06216862687336633,0.003864938167319846
NPL,Nepal,-0.2744368457017603,3.894062680051153,0.9370876982137566,0.8781333541435565
NPL,Nepal,-0.5978370007556204,3.7376696182833684,0.7806946364459719,0.6094841153755083
NPL,Nepal,-0.5978370007556204,3.670715483486265,0.7137405016488687,0.5094255036939788
NPL,Nepal,-0.5978370007556204,3.8922283780999662,0.9352533962625698,0.8746989152206713
NPL,Nepal,-0.5978370007556204,3.261761143815275,0.30478616197787867,0.0928946045332057
NPL,Nepal,2.0719132752590443,3.5996383203359934,0.6426633384985969,0.41301616665016216
NLD,Netherlands,-2.8134107167600364,2.828527459828421,-0.12844752200897558,0.016498765910246266
NLD,Netherlands,-2.8134107167600364,2.6621589560036543,-0.2948160258337422,0.08691648908840176
NLD,Netherlands,-1.5606477482646683,2.3833917767535953,-0.5735832050838012,0.32899769315420596
NLD,Netherlands,-1.5606477482646683,2.406229430978688,-0.5507455508587085,0.30332066179066225
NLD,Netherlands,-1.5606477482646683,2.5128966654928773,-0.4440783163445192,0.19720555104738288
NLD,Netherlands,-1.5606477482646683,2.3897943670674224,-0.5671806147699741,0.3216938497708457
NZL,New Zealand,-3.506557897319982,2.3660292655505804,-0.5909457162868161,0.3492168395977382
NZL,New Zealand,-3.912023005428146,2.1909349980655977,-0.7660399837717988,0.5868172567370978
NZL,New Zealand,-3.912023005428146,2.432052683995105,-0.5249222978422914,0.27554341877203126
NGA,Nigeria,1.7732559976634952,3.311637304949512,0.35466232311211554,0.12578536343528265
MKD,North Macedonia,-1.6607312068216509,3.7954891891721947,0.8385142073347982,0.7031060759023049
MKD,North Macedonia,-1.8325814637483102,3.6933693593867885,0.736394377549392,0.5422766792863565
MKD,North Macedonia,-1.8325814637483102,3.7723010622530087,0.8153260804156122,0.6647566174058853
PAK,Pakistan,-0.030459207484708574,4.557379522151743,1.6004045403143468,2.5612946926587754
PAK,Pakistan,-0.030459207484708574,4.191168746857641,1.2341937650202444,1.523234249614846
PAK,Pakistan,-0.030459207484708574,3.597312260588446,0.6403372787510495,0.4100318305582993
PAK,Pakistan,-0.18632957819149348,3.6331024386449378,0.6761274568075413,0.4571483378490336
PAK,Pakistan,-0.18632957819149348,4.27465019952621,1.3176752176888136,1.7362679793112623
PAK,Pakistan,3.497113438491982,3.4747575847701837,0.5177826029327872,0.2680988238998524
PAN,Panama,-0.843970070294529,2.6390573296152584,-0.3179176522221381,0.10107163359443634
PRY,Paraguay,-0.2231435513142097,2.91235066461494,-0.04462431722245652,0.00199132968757043
PER,Peru,-0.7765287894989963,3.420019135902743,0.4630441540653467,0.21440988861409255
PER,Peru,-0.7765287894989963,3.585253544268318,0.6282785624309217,0.3947339520102656
PER,Peru,-0.7765287894989963,3.4134552790576573,0.45648029722026084,0.2083742617502977
PER,Peru,-0.7765287894989963,3.5415871462393764,0.5846121644019799,0.3417713827667676
PER,Peru,-0.527632742082372,3.3141860046725258,0.3572110228351293,0.12759971483491925
PER,Peru,-0.527632742082372,3.15265054862541,0.19567556678801346,0.038288927437810316
PER,Peru,-0.527632742082372,3.2577118486533987,0.3007368668160022,0.09044266306230585
PER,Peru,-0.527632742082372,3.4058531931983493,0.44887821136095285,0.20149164863460825
PHL,Philippines,2.5726122302071057,3.481240089335692,0.5242651074982954,0.2748539029401992
PHL,Philippines,2.349468678892896,3.289644895756408,0.3326699139190117,0.11066927162688264
PHL,Philippines,2.349468678892896,3.6686767467964168,0.7117017649590203,0.5065194022457845
PHL,Philippines,2.349468678892896,2.8903717578961645,-0.06660322394123197,0.004435989439365896
POL,Poland,-0.5108256237659907,3.3817244561059443,0.4247494742685478,0.18041211589140776
POL,Poland,-0.5108256237659907,3.197966680846221,0.24099169900882433,0.058076998991159784
POL,Poland,1.8164520818184267,3.108972926817273,0.15199794497987673,0.023103375278105635
POL,Poland,1.8164520818184267,3.1300183813093887,0.1730433994719922,0.029944018100823474
POL,Poland,1.8164520818184267,3.14747434071554,0.19049935887814362,0.03629000573298376
POL,Poland,1.8164520818184267,2.930381301255216,-0.02659368058218048,0.0007072238469070431
PRT,Portugal,-0.5621189181535413,2.0851750735275965,-0.8717999083098,0.7600350801289757
PRT,Portugal,-0.5621189181535413,1.8536158251456867,-1.1033591566917098,1.217401428655441
PRT,Portugal,0.7884573603642703,1.9737604618262847,-0.9832145200111118,0.9667107923606809
PRT,Portugal,0.7884573603642703,2.2309995777947567,-0.7259754040426398,0.5270402872748742
PRT,Portugal,0.7884573603642703,2.0615038409931685,-0.895471140844228,0.8018685640848632
PRT,Portugal,0.7884573603642703,1.8789196446704555,-1.078055337166941,1.162203309994127
QAT,Qatar,-0.7985076962177716,3.6375861597263857,0.6806111778889892,0.46323157546743726
QAT,Qatar,-0.7985076962177716,3.784189633918261,0.8272146520808645,0.6842840806172658
QAT,Qatar,-0.7985076962177716,3.784189633918261,0.8272146520808645,0.6842840806172658
QAT,Qatar,-0.7985076962177716,3.713572066704308,0.7565970848669115,0.5724391488291084
QAT,Qatar,1.809926773183504,3.4965075614664802,0.5395325796290837,0.29109540448121357
Republic of Korea,Republic of Korea,-1.4271163556401458,3.2212260022131542,0.26425102037575776,0.06982860176962914
Republic of Korea,Republic of Korea,-1.4271163556401458,3.1878100052933105,0.230835023455914,0.053284808053892366
Republic of Korea,Republic of Korea,-1.4271163556401458,3.1174292085315107,0.16045422669411424,0.025745558864006205
Republic of Korea,Republic of Korea,-1.4271163556401458,3.122624025408615,0.16564904357121835,0.027439605636059395
Republic of Korea,Republic of Korea,1.8293763327993617,2.912989846483937,-0.04398513535345927,0.0019346921320621325
ROU,Romania,-0.8209805520698302,2.758843370448078,-0.19813161138931834,0.03925613543172786
ROU,Romania,-0.8209805520698302,2.775958039709385,-0.18101694212801167,0.03276713333737593
ROU,Romania,0.2700271372130602,2.7870154054005045,-0.16995957643689197,0.028886257622607724
ROU,Romania,0.2700271372130602,2.9519545262080955,-0.0050204556293009794,2.5204974725779892e-05
ROU,Romania,0.2700271372130602,2.9052147572350737,-0.05176022460232277,0.0026791208508828994
ROU,Romania,0.2700271372130602,2.7699289381480754,-0.1870460436893211,0.03498622245982742
RUS,Russian Federation,0.8458682675776092,2.6390573296152584,-0.3179176522221381,0.10107163359443634
SAU,Saudi Arabia,-0.3285040669720361,4.454347296253507,1.4973723144161109,2.2421238479798604
SAU,Saudi Arabia,-0.3285040669720361,4.31748811353631,1.3605131316989136,1.8509959815251855
SAU,Saudi Arabia,-0.3285040669720361,3.5298837226234783,0.5729087407860818,0.32822442526909384
SEN,Senegal,1.7083778602890038,3.4011973816621555,0.444222399824759,0.19733354050606802
SEN,Senegal,1.5432981099295553,3.3816747151732915,0.42469973333589506,0.18036986349558037
SEN,Senegal,1.5432981099295553,2.9887076586170265,0.03173267677962999,0.001006962775600468
SEN,Senegal,1.5432981099295553,3.7376696182833684,0.7806946364459719,0.6094841153755083
SRB,Serbia,-0.8915981192837836,3.1210424645194377,0.1640674826820412,0.026918138873621884
SGP,Singapore,-2.0402208285265546,2.833213344056216,-0.12376163778118032,0.01531694298628008
SGP,Singapore,-2.0402208285265546,2.833213344056216,-0.12376163778118032,0.01531694298628008
SGP,Singapore,-2.0402208285265546,2.9444389791664403,-0.012536002670956226,0.00015715136296622163
SGP,Singapore,-2.0402208285265546,2.995732273553991,0.038757291716594366,0.0015021276612051943
SGP,Singapore,-2.2072749131897207,2.70805020110221,-0.24892478073518642,0.06196354646406064
SGP,Singapore,-2.2072749131897207,2.6390573296152584,-0.3179176522221381,0.10107163359443634
SGP,Singapore,-2.2072749131897207,2.70805020110221,-0.24892478073518642,0.06196354646406064
SGP,Singapore,-2.2072749131897207,2.772588722239781,-0.18438625959761534,0.033998292728399195
SGP,Singapore,1.6074359097634274,2.3978952727983707,-0.5590797090390258,0.31257012105916177
SVK,Slovakia,-0.6931471805599453,3.075167104200026,0.11819212236262944,0.01396937778858277
SVK,Slovakia,-0.843970070294529,2.7021997874240347,-0.2547751944133618,0.06491039968836632
SVK,Slovakia,-0.843970070294529,2.9464836709843985,-0.010491310852998037,0.00011006760341423439
SVK,Slovakia,-0.843970070294529,2.8968732113166467,-0.06010177052074983,0.0036122228197288733
SVK,Slovakia,-0.843970070294529,2.7468909750411945,-0.21008400679620198,0.04413528991154664
SVN,Slovenia,-2.5257286443082556,2.928345254852136,-0.02862972698526045,0.0008196612672505504
SVN,Slovenia,-2.5257286443082556,2.8416093711187154,-0.11536561071868112,0.013309224136494272
SVN,Slovenia,-1.1086626245216111,2.855511892778672,-0.1014630890587247,0.0102947584413387
SVN,Slovenia,-1.1086626245216111,2.805176911832933,-0.15179807000446344,0.023042654057079982
SVN,Slovenia,-1.1086626245216111,2.7322548897990275,-0.22472009203836896,0.050499119765733014
SVN,Slovenia,-1.1086626245216111,2.5219214059653012,-0.43505357587209526,0.18927161387909694
ZAF,South Africa,0.9820784724121582,3.546667638247858,0.5896926564104614,0.3477374290244265
ZAF,South Africa,0.9820784724121582,3.8675485153263165,0.91057353348892,0.8291441598904973
ZAF,South Africa,0.9820784724121582,3.3064679855512784,0.3494930037138819,0.12214535964495149
ZAF,South Africa,0.9820784724121582,3.1873851577768297,0.23041017593943325,0.053088849176440585
ZAF,South Africa,0.9282193027394288,3.1291152176605777,0.17214023582318116,0.029632260789260425
ZAF,South Africa,0.9282193027394288,2.7654382182109405,-0.191536763626456,0.036686331820496874
ZAF,South Africa,0.9282193027394288,3.1133486286532754,0.15637364681587895,0.02445271741849725
ZAF,South Africa,0.9282193027394288,3.04845121788622,0.09147623604882371,0.008367901761660114
ZAF,South Africa,3.6187251941907292,3.119402706331638,0.1624277244942416,0.02638276568437725
ESP,Spain,-2.0402208285265546,2.2891066052099394,-0.6678683766274571,0.4460481684989949
ESP,Spain,-2.0402208285265546,2.5488373473493535,-0.40813763448804297,0.16657632868549535
ESP,Spain,-2.0402208285265546,2.5334700308744784,-0.42350495096291807,0.17935644349010363
ESP,Spain,-2.0402208285265546,2.1337459231910496,-0.8232290586463469,0.6777060829997504
ESP,Spain,-1.0498221244986778,2.123268108856751,-0.8337068729806454,0.695067150055166
ESP,Spain,-1.0498221244986778,2.256563917720921,-0.7004110641164756,0.49057565873677367
ESP,Spain,-1.0498221244986778,2.1990150881100075,-0.757959893727389,0.5745032004992349
ESP,Spain,-1.0498221244986778,2.19385009584619,-0.7631248859912065,0.582359591619092
LKA,Sri Lanka,-1.6607312068216509,3.4464893708538624,0.48951438901646593,0.23962433705416394
LKA,Sri Lanka,-1.6607312068216509,3.4550540544528663,0.4980790726154698,0.24808276257748643
LKA,Sri Lanka,-1.6607312068216509,3.160398895109225,0.2034239132718283,0.04138128849082432
SWE,Sweden,-4.605170185988091,2.00761728464886,-0.9493576971885367,0.9012800372111213
SWE,Sweden,-4.605170185988091,1.8527761710338293,-1.1041988108035672,1.219255013780012
SWE,Sweden,-2.3025850929940455,1.7687781109047847,-1.1881968709326118,1.41181180409405
SWE,Sweden,-2.3025850929940455,1.6138282607353933,-1.3431467211020032,1.8040431144070623
SWE,Sweden,-2.3025850929940455,1.8828520130881763,-1.0741229687492202,1.1537401519946382
SWE,Sweden,-2.3025850929940455,1.726924607889767,-1.2300503739476294,1.513023922448703
CHE,Switzerland,-2.3025850929940455,2.679498299173769,-0.27747668266362746,0.07699330942201142
CHE,Switzerland,-2.3025850929940455,2.54422322694442,-0.41275175489297666,0.17036401116723188
CHE,Switzerland,-2.3025850929940455,2.6423486106993312,-0.31462637113806524,0.09898975341550757
CHE,Switzerland,-1.3093333199837622,2.324713445067047,-0.6322615367703497,0.39975465087920425
CHE,Switzerland,-1.3093333199837622,2.440767689019099,-0.5162072928182977,0.2664699691587957
CHE,Switzerland,-1.3093333199837622,2.4206955604189133,-0.5362794214184832,0.28759561783694304
CHE,Switzerland,-1.3093333199837622,2.236238486642212,-0.7207364951951845,0.5194610955062382
CHE,Switzerland,2.347558458636777,2.2066050460216555,-0.750369935815741,0.5630550405761192
TJK,Tajikistan,1.358409157630355,4.269977130865259,1.3130021490278625,1.7239746433517853
THA,Thailand,-0.40047756659712525,3.20542324328832,0.24844826145092336,0.06172653861798637
TTO,Trinidad and Tobago,1.4929040961781488,2.4765384001174837,-0.48043658171991277,0.23081930905471443
TTO,Trinidad and Tobago,1.4929040961781488,2.6878474937846906,-0.2691274880527059,0.07242960482555937
TTO,Trinidad and Tobago,1.4929040961781488,2.517696472610991,-0.4392785092264053,0.19296560866817306
TTO,Trinidad and Tobago,1.4929040961781488,2.479335604738545,-0.4776393770988516,0.228139374555379
TKM,Turkmenistan,1.547562508716013,3.0946722214088944,0.13769723957149793,0.018960529785610497
UGA,Uganda,1.4929040961781488,4.647271362006727,1.6902963801693303,2.8571018528135412
UGA,Uganda,1.3164082336557241,3.983599203917368,1.0266242220799717,1.053957293361307
UGA,Uganda,1.3164082336557241,4.078215180292217,1.1212401984548204,1.257179582631005
UGA,Uganda,1.3164082336557241,4.096841442420688,1.1398664605832916,1.2992955479626807
UKR,Ukraine,0.23111172096338664,3.1276373444339294,0.1706623625965329,0.02912564200703047
UKR,Ukraine,0.23111172096338664,3.151025157960026,0.19405017612262965,0.037655470853223585
ARE,United Arab Emirates,-0.342490308946776,3.4901235908565567,0.5331486090191602,0.2842474392990653
ARE,United Arab Emirates,-0.342490308946776,3.942164162340133,0.9851891805027364,0.9705977213796534
ARE,United Arab Emirates,-0.342490308946776,3.8207845249938748,0.8638095431564783,0.7461669268482037
GBR,United Kingdom,-2.2072749131897207,2.5223593382022877,-0.43461564363510874,0.18889075769235983
GBR,United Kingdom,-2.2072749131897207,2.498806511145897,-0.4581684706914997,0.2099183475357876
GBR,United Kingdom,0.3852624007906449,2.282266861098544,-0.6747081207388526,0.45523104819095406
GBR,United Kingdom,0.3852624007906449,2.204223091303626,-0.7527518905337707,0.5666354087021659
GBR,United Kingdom,0.3852624007906449,2.28631306788583,-0.6706619139515664,0.4497874028251782
GBR,United Kingdom,0.3852624007906449,2.26094309022776,-0.6960318916096364,0.48446039413768865
TZA,United Republic of Tanzania,1.7544036826842861,3.1493113614822916,0.19233637964489514,0.03699328293490523
USA,United States of America,-0.941608539858445,2.276934979892811,-0.6800400019445854,0.4624544042447917
USA,United States of America,-0.941608539858445,2.264512292165809,-0.6924626896715873,0.479504576587209
USA,United States of America,-0.941608539858445,2.229604690023396,-0.7273702918140006,0.5290675414135844
USA,United States of America,-0.941608539858445,2.219989128532792,-0.7369858533046045,0.5431481479711161
USA,United States of America,0.5877866649021191,2.018646006821099,-0.9383289750162973,0.8804612653551351
USA,United States of America,0.5877866649021191,2.1749032251584146,-0.7820717566789819,0.6116362325949486
USA,United States of America,0.5877866649021191,2.1816983652674784,-0.7752766165699181,0.6010538322000998
USA,United States of America,0.5877866649021191,1.9905144552920673,-0.9664605265453292,0.934045949370275
URY,Uruguay,-0.08338160893905101,2.4849066497880004,-0.47206833204939613,0.22284851012389892
UZB,Uzbekistan,1.888583653863595,3.763290951627747,0.8063159697903504,0.6501454431389532
UZB,Uzbekistan,1.888583653863595,3.7367167835280966,0.7797418016907001,0.607997277303859
Venezuela (Bolivarian Republic of),Venezuela (Bolivarian Republic of),-0.6733445532637656,3.5553480614894135,0.598373079652017,0.3580503424522391
VNM,Viet Nam,1.275362800412609,3.8484440237852744,0.8914690419478779,0.7947170527514673
VNM,Viet Nam,1.275362800412609,3.7124739029675653,0.7554989211301688,0.570778619828849
VNM,Viet Nam,1.275362800412609,3.507956918233689,0.5509819363962927,0.3035810942350083
VNM,Viet Nam,1.275362800412609,3.6726230315944135,0.715648049757017,0.5121521311210219
